{
    "initial": [
        57.161956787109375,
        52.2916374206543,
        56.34211730957031,
        53.4238395690918,
        54.963871002197266,
        52.2916374206543,
        53.06285858154297,
        54.64310073852539,
        56.32476806640625,
        54.96365737915039,
        54.963871002197266,
        53.06285858154297,
        53.4238395690918,
        56.32476806640625,
        53.24312210083008,
        53.630184173583984,
        54.63330841064453,
        54.63330841064453,
        53.24312210083008,
        54.78474044799805
    ],
    "random": [
        53.4238395690918,
        53.175045013427734,
        54.63330841064453,
        54.963871002197266,
        51.93437957763672,
        53.49193572998047,
        56.34211730957031,
        53.49193572998047,
        53.4238395690918,
        54.963871002197266,
        53.4238395690918,
        56.32476806640625,
        57.3821907043457,
        53.49193572998047,
        54.963871002197266,
        53.06285858154297,
        54.76186752319336,
        54.963871002197266,
        54.963871002197266,
        56.32476806640625
    ],
    "MP": [
        53.383628845214844,
        53.383628845214844,
        53.383628845214844,
        53.383628845214844,
        53.383628845214844,
        53.383628845214844,
        53.383628845214844,
        53.383628845214844,
        53.383628845214844,
        53.383628845214844,
        53.383628845214844,
        53.383628845214844,
        53.383628845214844,
        53.383628845214844,
        53.383628845214844,
        53.383628845214844,
        53.383628845214844,
        53.383628845214844,
        53.383628845214844,
        53.383628845214844
    ],
    "BS": [
        53.383628845214844,
        53.383628845214844,
        51.93437957763672,
        53.383628845214844,
        53.383628845214844,
        53.383628845214844,
        54.64310073852539,
        54.78474044799805,
        56.32476806640625,
        53.383628845214844,
        52.27477264404297,
        53.383628845214844,
        53.383628845214844,
        56.32476806640625,
        52.27477264404297,
        56.34211730957031,
        53.383628845214844,
        53.383628845214844,
        56.32476806640625,
        53.383628845214844
    ],
    "DeckReck": [
        59.07371139526367,
        59.07371139526367,
        60.45348358154297,
        60.91288375854492,
        60.45348358154297,
        59.07371139526367,
        59.07371139526367,
        60.91288375854492,
        60.45348358154297,
        60.45348358154297,
        60.91288375854492,
        60.45348358154297,
        59.07371139526367,
        60.45348358154297,
        60.91288375854492,
        60.91288375854492,
        59.07371139526367,
        59.07371139526367,
        60.91288375854492,
        60.45348358154297
    ]
}