{
    "initial": [
        32.01451110839844,
        33.15855407714844,
        31.09426498413086,
        48.00874328613281,
        50.60896682739258,
        28.535728454589844,
        30.130979537963867,
        31.557222366333008,
        29.598966598510742,
        51.16790008544922,
        51.50172424316406,
        33.2493896484375,
        48.28562927246094,
        29.520305633544922,
        51.2039794921875,
        29.511110305786133,
        25.68613624572754,
        29.009475708007812,
        29.598966598510742,
        46.818153381347656
    ],
    "random": [
        30.314334869384766,
        31.21407127380371,
        49.71492385864258,
        29.598966598510742,
        51.54878616333008,
        50.79535675048828,
        47.174068450927734,
        50.1574821472168,
        41.20055389404297,
        50.440673828125,
        49.419254302978516,
        30.561817169189453,
        30.56182098388672,
        30.124032974243164,
        29.4539794921875,
        38.422035217285156,
        40.74109649658203,
        49.77815628051758,
        47.63626480102539,
        29.598966598510742
    ],
    "MP": [
        34.774356842041016,
        34.774356842041016,
        34.774356842041016,
        34.774356842041016,
        34.774356842041016,
        34.774356842041016,
        34.774356842041016,
        34.774356842041016,
        34.774356842041016,
        34.774356842041016,
        34.774356842041016,
        34.774356842041016,
        34.774356842041016,
        34.774356842041016,
        34.774356842041016,
        34.774356842041016,
        34.774356842041016,
        34.774356842041016,
        34.774356842041016,
        34.774356842041016
    ],
    "BS": [
        34.774356842041016,
        34.774356842041016,
        34.774356842041016,
        34.774356842041016,
        34.774356842041016,
        50.310115814208984,
        34.774356842041016,
        34.774356842041016,
        34.774356842041016,
        50.310115814208984,
        34.774356842041016,
        34.774356842041016,
        34.774356842041016,
        34.774356842041016,
        34.774356842041016,
        34.774356842041016,
        34.774356842041016,
        34.774356842041016,
        34.774356842041016,
        28.18516731262207
    ],
    "DeckReck": [
        53.4477424621582,
        26.107454299926758,
        29.34755516052246,
        26.904556274414062,
        52.77604675292969,
        28.751604080200195,
        27.814300537109375,
        31.599485397338867,
        32.59336471557617,
        23.167984008789062,
        21.062986373901367,
        23.09385108947754,
        29.07979393005371,
        31.059181213378906,
        26.901168823242188,
        31.51854133605957,
        26.491947174072266,
        30.969398498535156,
        26.765911102294922,
        29.9083251953125
    ],
    "templateDeckReck": [
        29.55045509338379,
        32.95039367675781,
        18.166196823120117,
        36.72296142578125,
        28.97833824157715,
        27.928335189819336,
        27.660873413085938,
        22.175159454345703,
        29.068571090698242,
        25.035268783569336,
        28.089828491210938,
        29.555740356445312,
        26.42680549621582,
        52.65018844604492,
        26.099082946777344,
        32.98080062866211,
        31.621109008789062,
        30.05549430847168,
        29.21319580078125,
        13.632025718688965
    ]
}