{
    "initial": [
        57.712806701660156,
        55.004085540771484,
        51.93437957763672,
        56.32476806640625,
        57.712806701660156,
        56.32476806640625,
        53.06285858154297,
        48.001914978027344,
        55.004085540771484,
        54.63330841064453
    ],
    "40": [
        60.45348358154297,
        60.45348358154297,
        60.45348358154297,
        60.45348358154297,
        60.45348358154297,
        60.45348358154297,
        60.45348358154297,
        60.45348358154297,
        60.45348358154297,
        60.45348358154297
    ],
    "55": [
        60.45348358154297,
        60.45348358154297,
        60.45348358154297,
        60.45348358154297,
        60.45348358154297,
        60.45348358154297,
        60.45348358154297,
        60.45348358154297,
        60.45348358154297,
        60.45348358154297
    ],
    "70": [
        60.45348358154297,
        60.45348358154297,
        60.45348358154297,
        60.45348358154297,
        60.45348358154297,
        60.45348358154297,
        60.45348358154297,
        60.45348358154297,
        60.45348358154297,
        60.45348358154297
    ]
}