{
    "initial": [
        56.34211730957031,
        54.963871002197266,
        54.63330841064453,
        54.63330841064453,
        56.32476806640625,
        53.27241134643555,
        54.78474044799805,
        53.49193572998047,
        53.4238395690918,
        56.32476806640625
    ],
    "40": [
        60.91288375854492,
        60.91288375854492,
        60.45348358154297,
        60.45348358154297,
        59.07371139526367,
        59.07371139526367,
        60.45348358154297,
        60.45348358154297,
        60.45348358154297,
        59.07371139526367
    ],
    "55": [
        60.16162109375,
        61.24616241455078,
        59.49756622314453,
        65.12686157226562,
        60.97147750854492,
        60.97147750854492,
        59.49756622314453,
        60.97147750854492,
        58.41859817504883,
        59.49756622314453
    ],
    "70": [
        65.12686157226562,
        60.16162109375,
        62.58460998535156,
        65.27169036865234,
        63.977943420410156,
        60.790008544921875,
        60.91288375854492,
        65.53673553466797,
        63.79607009887695,
        60.45348358154297
    ]
}