{
    "initial": [
        34.81868362426758,
        48.41884994506836,
        30.314334869384766,
        28.11134910583496,
        50.84241485595703,
        27.866519927978516,
        33.790287017822266,
        48.40876007080078,
        27.55547332763672,
        28.53597640991211,
        51.041683197021484,
        31.493066787719727,
        50.94596862792969,
        28.907529830932617,
        51.296974182128906,
        40.7411003112793,
        28.110919952392578,
        48.504032135009766,
        29.598966598510742,
        31.551671981811523
    ],
    "25": [
        36.11528015136719,
        49.65934753417969,
        34.774356842041016,
        34.774356842041016,
        49.419254302978516,
        34.774356842041016,
        34.774356842041016,
        50.310115814208984,
        34.774356842041016,
        34.774356842041016,
        49.8336067199707,
        34.774356842041016,
        34.774356842041016,
        34.774356842041016,
        34.774356842041016,
        34.774356842041016,
        34.774356842041016,
        34.774356842041016,
        34.774356842041016,
        34.774356842041016
    ],
    "20": [
        30.716142654418945,
        30.716142654418945,
        30.187625885009766,
        36.11528015136719,
        50.84241485595703,
        36.11528015136719,
        36.11528015136719,
        51.29120635986328,
        28.18516731262207,
        28.18516731262207,
        51.041683197021484,
        30.716142654418945,
        34.774356842041016,
        36.11528015136719,
        28.907529830932617,
        38.20481491088867,
        28.18516731262207,
        30.716142654418945,
        30.716142654418945,
        28.18516731262207
    ],
    "15": [
        30.716142654418945,
        46.533451080322266,
        30.314334869384766,
        32.013607025146484,
        50.84241485595703,
        29.248104095458984,
        34.667816162109375,
        48.40876007080078,
        28.18516731262207,
        29.248104095458984,
        51.041683197021484,
        31.493066787719727,
        51.66393280029297,
        33.66983413696289,
        51.296974182128906,
        40.7411003112793,
        29.248104095458984,
        46.58576202392578,
        30.124073028564453,
        29.248104095458984
    ],
    "10": [
        46.533451080322266,
        48.41884994506836,
        30.314334869384766,
        28.11134910583496,
        50.84241485595703,
        27.866519927978516,
        33.790287017822266,
        48.40876007080078,
        27.55547332763672,
        28.53597640991211,
        51.041683197021484,
        31.493066787719727,
        50.94596862792969,
        28.907529830932617,
        51.296974182128906,
        40.7411003112793,
        28.110919952392578,
        48.504032135009766,
        30.124073028564453,
        31.551671981811523
    ]
}