{
    "initial": [
        53.06285858154297,
        51.93437957763672,
        57.69546127319336,
        54.63438034057617,
        53.817203521728516,
        54.63330841064453,
        51.93437957763672,
        56.340660095214844,
        53.175045013427734,
        54.63331604003906,
        50.79180145263672,
        56.32461166381836,
        52.2916374206543,
        54.78474044799805,
        49.243038177490234,
        56.34211730957031,
        53.4238395690918,
        56.32476806640625,
        57.382240295410156,
        54.78474044799805
    ],
    "random": [
        54.78474044799805,
        47.957828521728516,
        54.963871002197266,
        56.32476806640625,
        56.32476806640625,
        52.2916374206543,
        54.78474044799805,
        53.6133918762207,
        56.32476806640625,
        54.78474044799805,
        54.78474044799805,
        54.63330841064453,
        54.64310073852539,
        56.32476806640625,
        54.78474044799805,
        57.382240295410156,
        53.49193572998047,
        52.2916374206543,
        54.78474044799805,
        52.336212158203125
    ],
    "MP": [
        53.383628845214844,
        53.383628845214844,
        53.383628845214844,
        53.383628845214844,
        53.383628845214844,
        53.383628845214844,
        53.383628845214844,
        53.383628845214844,
        53.383628845214844,
        53.383628845214844,
        53.383628845214844,
        53.383628845214844,
        53.383628845214844,
        53.383628845214844,
        53.383628845214844,
        53.383628845214844,
        53.383628845214844,
        53.383628845214844,
        53.383628845214844,
        53.383628845214844
    ],
    "BS": [
        53.383628845214844,
        53.383628845214844,
        56.32476806640625,
        56.32476806640625,
        53.383628845214844,
        53.383628845214844,
        53.383628845214844,
        56.32476806640625,
        51.93437957763672,
        56.32476806640625,
        53.383628845214844,
        56.32476806640625,
        53.383628845214844,
        53.383628845214844,
        54.78474044799805,
        53.383628845214844,
        55.00285720825195,
        53.383628845214844,
        53.383628845214844,
        53.383628845214844
    ],
    "DeckReck": [
        59.07371139526367,
        59.07371139526367,
        59.07371139526367,
        59.07371139526367,
        58.977874755859375,
        58.443111419677734,
        60.45348358154297,
        59.07371139526367,
        60.45348358154297,
        57.7030143737793,
        58.977874755859375,
        60.45348358154297,
        59.07371139526367,
        60.45348358154297,
        59.07371139526367,
        60.45348358154297,
        60.45348358154297,
        60.45348358154297,
        60.45348358154297,
        59.07371139526367
    ]
}