{
    "initial": [
        49.02638626098633,
        30.182905197143555,
        28.907529830932617,
        30.183685302734375,
        30.314334869384766
    ],
    "40": [
        49.0211296081543,
        22.57449722290039,
        53.4197883605957,
        49.38612365722656,
        51.2601432800293
    ],
    "55": [
        25.33651351928711,
        33.66998291015625,
        31.369590759277344,
        30.753442764282227,
        26.068607330322266
    ],
    "70": [
        21.263822555541992,
        30.010732650756836,
        25.293636322021484,
        33.95378112792969,
        30.366371154785156
    ]
}