{
    "initial": [
        48.29592514038086,
        54.78474044799805,
        52.2916374206543,
        54.63330841064453,
        56.34211730957031,
        52.2916374206543,
        54.963871002197266,
        50.71358108520508,
        53.4238395690918,
        56.32476806640625,
        53.4238395690918,
        54.78474044799805,
        52.2916374206543,
        53.06285858154297,
        50.45876693725586,
        54.78474044799805,
        54.963871002197266,
        56.157554626464844,
        53.175045013427734,
        54.963871002197266
    ],
    "25": [
        53.383628845214844,
        53.383628845214844,
        53.383628845214844,
        51.93437957763672,
        53.383628845214844,
        53.383628845214844,
        53.383628845214844,
        53.383628845214844,
        53.383628845214844,
        56.32476806640625,
        55.00285720825195,
        53.383628845214844,
        51.93437957763672,
        53.383628845214844,
        53.383628845214844,
        53.383628845214844,
        56.32476806640625,
        56.32476806640625,
        53.383628845214844,
        53.383628845214844
    ],
    "20": [
        55.18339920043945,
        54.78474044799805,
        53.175045013427734,
        56.32476806640625,
        54.963871002197266,
        51.93437957763672,
        54.78474044799805,
        53.383628845214844,
        52.27477264404297,
        52.27477264404297,
        55.004085540771484,
        54.78474044799805,
        52.27477264404297,
        51.93437957763672,
        53.4238395690918,
        54.78474044799805,
        54.65065383911133,
        49.627132415771484,
        53.383628845214844,
        55.00285720825195
    ],
    "15": [
        48.29592514038086,
        54.78474044799805,
        55.18339920043945,
        54.63330841064453,
        56.34211730957031,
        51.93437957763672,
        56.32476806640625,
        54.64310073852539,
        54.963871002197266,
        56.32461166381836,
        53.4238395690918,
        54.78474044799805,
        52.2916374206543,
        53.06285858154297,
        50.45876693725586,
        54.63330841064453,
        56.34211730957031,
        56.32461166381836,
        53.24312210083008,
        54.963871002197266
    ],
    "10": [
        48.29592514038086,
        54.78474044799805,
        52.2916374206543,
        54.63330841064453,
        56.34211730957031,
        52.2916374206543,
        54.963871002197266,
        50.71358108520508,
        53.4238395690918,
        56.32476806640625,
        53.4238395690918,
        54.78474044799805,
        52.2916374206543,
        53.06285858154297,
        50.45876693725586,
        54.78474044799805,
        54.963871002197266,
        56.157554626464844,
        53.175045013427734,
        54.963871002197266
    ]
}