{
    "initial": [
        50.87764358520508,
        31.382158279418945,
        30.561817169189453,
        30.561817169189453,
        38.132911682128906,
        47.94902038574219,
        27.393749237060547,
        29.072124481201172,
        28.110918045043945,
        33.78816223144531,
        32.013607025146484,
        50.7595100402832,
        50.350486755371094,
        51.05184555053711,
        49.19024658203125
    ],
    "40": [
        52.4206657409668,
        51.885555267333984,
        51.76960372924805,
        51.56363296508789,
        47.82603454589844,
        22.039642333984375,
        22.449018478393555,
        48.774932861328125,
        27.836965560913086,
        53.80845642089844,
        50.311279296875,
        49.790462493896484,
        51.505653381347656,
        51.43073654174805,
        49.64686965942383
    ],
    "55": [
        26.95401382446289,
        28.327192306518555,
        31.50383186340332,
        28.67454719543457,
        20.36656379699707,
        35.04161071777344,
        21.737895965576172,
        28.24003791809082,
        28.006954193115234,
        33.75182342529297,
        25.29471206665039,
        37.81202697753906,
        27.388872146606445,
        29.252246856689453,
        52.59300994873047
    ],
    "70": [
        52.778411865234375,
        21.721256256103516,
        24.849821090698242,
        24.891111373901367,
        21.927982330322266,
        25.552047729492188,
        19.816553115844727,
        37.41224670410156,
        20.828495025634766,
        28.94864273071289,
        17.99440574645996,
        49.74995422363281,
        29.45341682434082,
        29.785850524902344,
        49.941619873046875
    ]
}