{
    "40": [
        25.329906940460205,
        13.296544551849365,
        13.071201801300049,
        12.855858325958252,
        25.2415931224823
    ],
    "55": [
        31.02849054336548,
        31.481771230697632,
        31.52432656288147,
        30.324495553970337,
        30.7195405960083
    ],
    "70": [
        49.2079119682312,
        49.397963523864746,
        49.612356424331665,
        48.38670563697815,
        48.02178931236267
    ]
}