{
    "40": [
        25.299481630325317,
        26.53541326522827,
        12.780150890350342,
        35.39865684509277,
        14.63815712928772,
        19.80565071105957,
        12.378293514251709,
        19.84696865081787,
        19.97768521308899,
        82.23907709121704,
        27.577908992767334,
        11.592218399047852,
        11.554350137710571,
        23.218528509140015,
        11.654517889022827
    ],
    "55": [
        31.139655828475952,
        31.697710752487183,
        32.80136275291443,
        49.565457344055176,
        46.83451461791992,
        51.34731197357178,
        43.59917235374451,
        50.02619028091431,
        50.85516905784607,
        49.571778774261475,
        28.731302738189697,
        28.93314290046692,
        29.043545722961426,
        29.047396421432495,
        58.0449755191803
    ],
    "70": [
        101.00086855888367,
        50.698925733566284,
        52.628748655319214,
        80.00880002975464,
        80.41668820381165,
        78.2299439907074,
        80.27020502090454,
        79.76536560058594,
        73.79206895828247,
        79.46362590789795,
        46.186607122421265,
        46.244895219802856,
        46.561888694763184,
        46.452760219573975,
        46.31145668029785
    ]
}